-- MySQL dump 10.13  Distrib 8.0.31, for Linux (x86_64)
--
-- Host: localhost    Database: scrabble
-- ------------------------------------------------------
-- Server version   8.0.31-0ubuntu0.22.04.1

/*!40101 SET @OLD_CHARACTER_SET_CLIENT=@@CHARACTER_SET_CLIENT */;
/*!40101 SET @OLD_CHARACTER_SET_RESULTS=@@CHARACTER_SET_RESULTS */;
/*!40101 SET @OLD_COLLATION_CONNECTION=@@COLLATION_CONNECTION */;
/*!50503 SET NAMES utf8mb4 */;
/*!40103 SET @OLD_TIME_ZONE=@@TIME_ZONE */;
/*!40103 SET TIME_ZONE='+00:00' */;
/*!40014 SET @OLD_UNIQUE_CHECKS=@@UNIQUE_CHECKS, UNIQUE_CHECKS=0 */;
/*!40014 SET @OLD_FOREIGN_KEY_CHECKS=@@FOREIGN_KEY_CHECKS, FOREIGN_KEY_CHECKS=0 */;
/*!40101 SET @OLD_SQL_MODE=@@SQL_MODE, SQL_MODE='NO_AUTO_VALUE_ON_ZERO' */;
/*!40111 SET @OLD_SQL_NOTES=@@SQL_NOTES, SQL_NOTES=0 */;

--
-- Table structure for table `actions`
--

DROP TABLE IF EXISTS `actions`;
/*!40101 SET @saved_cs_client     = @@character_set_client */;
/*!50503 SET character_set_client = utf8mb4 */;
CREATE TABLE `actions` (
  `id` bigint NOT NULL AUTO_INCREMENT,
  `created_date` datetime NOT NULL DEFAULT CURRENT_TIMESTAMP,
  `last_updated_date` datetime(6) DEFAULT NULL,
  `counter` int DEFAULT NULL,
  `current_player_number` int DEFAULT NULL,
  `game_id` bigint DEFAULT NULL,
  `round_number` int DEFAULT NULL,
  `status` varchar(255) DEFAULT NULL,
  `type` varchar(255) DEFAULT NULL,
  `user_id` bigint DEFAULT NULL,
  PRIMARY KEY (`id`)
) ENGINE=InnoDB DEFAULT CHARSET=utf8mb4 COLLATE=utf8mb4_0900_ai_ci;
/*!40101 SET character_set_client = @saved_cs_client */;

--
-- Dumping data for table `actions`
--

LOCK TABLES `actions` WRITE;
/*!40000 ALTER TABLE `actions` DISABLE KEYS */;
/*!40000 ALTER TABLE `actions` ENABLE KEYS */;
UNLOCK TABLES;

--
-- Table structure for table `bags`
--

DROP TABLE IF EXISTS `bags`;
/*!40101 SET @saved_cs_client     = @@character_set_client */;
/*!50503 SET character_set_client = utf8mb4 */;
CREATE TABLE `bags` (
  `id` bigint NOT NULL AUTO_INCREMENT,
  `created_date` datetime NOT NULL DEFAULT CURRENT_TIMESTAMP,
  `last_updated_date` datetime(6) DEFAULT NULL,
  `enabled` tinyint NOT NULL DEFAULT '1',
  `language` varchar(255) DEFAULT NULL,
  `name` varchar(255) DEFAULT NULL,
  `tile_count` int DEFAULT NULL,
  PRIMARY KEY (`id`)
) ENGINE=InnoDB AUTO_INCREMENT=4 DEFAULT CHARSET=utf8mb4 COLLATE=utf8mb4_0900_ai_ci;
/*!40101 SET character_set_client = @saved_cs_client */;

--
-- Dumping data for table `bags`
--

LOCK TABLES `bags` WRITE;
/*!40000 ALTER TABLE `bags` DISABLE KEYS */;
INSERT INTO `bags` VALUES (1,'2023-01-11 14:35:15','2023-01-11 14:35:16.000000',1,'tr','Turkish Tile Bag',98),(2,'2023-01-11 14:35:15','2023-01-11 14:35:16.000000',1,'en','English Tile Bag',96),(3,'2023-01-11 14:35:15','2023-01-11 14:35:16.000000',1,'fr','French Tile Bag',97);
/*!40000 ALTER TABLE `bags` ENABLE KEYS */;
UNLOCK TABLES;

--
-- Table structure for table `boards`
--

DROP TABLE IF EXISTS `boards`;
/*!40101 SET @saved_cs_client     = @@character_set_client */;
/*!50503 SET character_set_client = utf8mb4 */;
CREATE TABLE `boards` (
  `id` bigint NOT NULL AUTO_INCREMENT,
  `created_date` datetime NOT NULL DEFAULT CURRENT_TIMESTAMP,
  `last_updated_date` datetime(6) DEFAULT NULL,
  `column_size` int NOT NULL,
  `enabled` tinyint NOT NULL DEFAULT '1',
  `name` varchar(255) NOT NULL,
  `row_size` int NOT NULL,
  PRIMARY KEY (`id`)
) ENGINE=InnoDB AUTO_INCREMENT=2 DEFAULT CHARSET=utf8mb4 COLLATE=utf8mb4_0900_ai_ci;
/*!40101 SET character_set_client = @saved_cs_client */;

--
-- Dumping data for table `boards`
--

LOCK TABLES `boards` WRITE;
/*!40000 ALTER TABLE `boards` DISABLE KEYS */;
INSERT INTO `boards` VALUES (1,'2023-01-11 14:35:15','2023-01-11 14:35:16.000000',15,1,'15x15',15);
/*!40000 ALTER TABLE `boards` ENABLE KEYS */;
UNLOCK TABLES;

--
-- Table structure for table `cells`
--

DROP TABLE IF EXISTS `cells`;
/*!40101 SET @saved_cs_client     = @@character_set_client */;
/*!50503 SET character_set_client = utf8mb4 */;
CREATE TABLE `cells` (
  `id` bigint NOT NULL AUTO_INCREMENT,
  `created_date` datetime NOT NULL DEFAULT CURRENT_TIMESTAMP,
  `last_updated_date` datetime(6) DEFAULT NULL,
  `board_id` bigint NOT NULL,
  `cell_number` int DEFAULT NULL,
  `center` tinyint NOT NULL DEFAULT '0',
  `color` varchar(255) DEFAULT NULL,
  `column_number` int DEFAULT NULL,
  `has_bottom` tinyint NOT NULL DEFAULT '0',
  `has_left` tinyint NOT NULL DEFAULT '0',
  `has_right` tinyint NOT NULL DEFAULT '0',
  `has_top` tinyint NOT NULL DEFAULT '0',
  `letter_value_multiplier` int DEFAULT NULL,
  `row_number` int DEFAULT NULL,
  `word_score_multiplier` int DEFAULT NULL,
  PRIMARY KEY (`id`)
) ENGINE=InnoDB AUTO_INCREMENT=226 DEFAULT CHARSET=utf8mb4 COLLATE=utf8mb4_0900_ai_ci;
/*!40101 SET character_set_client = @saved_cs_client */;

--
-- Dumping data for table `cells`
--

LOCK TABLES `cells` WRITE;
/*!40000 ALTER TABLE `cells` DISABLE KEYS */;
INSERT INTO `cells` VALUES (1,'2023-01-11 14:35:15','2023-01-11 14:35:16.000000',1,1,0,'red',1,1,0,1,0,1,1,3),(2,'2023-01-11 14:35:15','2023-01-11 14:35:16.000000',1,2,0,'white',2,1,1,1,0,1,1,1),(3,'2023-01-11 14:35:15','2023-01-11 14:35:16.000000',1,3,0,'white',3,1,1,1,0,1,1,1),(4,'2023-01-11 14:35:15','2023-01-11 14:35:16.000000',1,4,0,'grey',4,1,1,1,0,2,1,1),(5,'2023-01-11 14:35:15','2023-01-11 14:35:16.000000',1,5,0,'white',5,1,1,1,0,1,1,1),(6,'2023-01-11 14:35:15','2023-01-11 14:35:16.000000',1,6,0,'white',6,1,1,1,0,1,1,1),(7,'2023-01-11 14:35:15','2023-01-11 14:35:16.000000',1,7,0,'white',7,1,1,1,0,1,1,1),(8,'2023-01-11 14:35:15','2023-01-11 14:35:16.000000',1,8,0,'red',8,1,1,1,0,1,1,3),(9,'2023-01-11 14:35:15','2023-01-11 14:35:16.000000',1,9,0,'white',9,1,1,1,0,1,1,1),(10,'2023-01-11 14:35:15','2023-01-11 14:35:16.000000',1,10,0,'white',10,1,1,1,0,1,1,1),(11,'2023-01-11 14:35:15','2023-01-11 14:35:16.000000',1,11,0,'white',11,1,1,1,0,1,1,1),(12,'2023-01-11 14:35:15','2023-01-11 14:35:16.000000',1,12,0,'grey',12,1,1,1,0,2,1,1),(13,'2023-01-11 14:35:15','2023-01-11 14:35:16.000000',1,13,0,'white',13,1,1,1,0,1,1,1),(14,'2023-01-11 14:35:15','2023-01-11 14:35:16.000000',1,14,0,'white',14,1,1,1,0,1,1,1),(15,'2023-01-11 14:35:15','2023-01-11 14:35:16.000000',1,15,0,'red',15,1,1,0,0,1,1,3),(16,'2023-01-11 14:35:15','2023-01-11 14:35:16.000000',1,16,0,'white',1,1,0,1,1,1,2,1),(17,'2023-01-11 14:35:15','2023-01-11 14:35:16.000000',1,17,0,'orange',2,1,1,1,1,1,2,2),(18,'2023-01-11 14:35:15','2023-01-11 14:35:16.000000',1,18,0,'white',3,1,1,1,1,1,2,1),(19,'2023-01-11 14:35:15','2023-01-11 14:35:16.000000',1,19,0,'white',4,1,1,1,1,1,2,1),(20,'2023-01-11 14:35:15','2023-01-11 14:35:16.000000',1,20,0,'white',5,1,1,1,1,1,2,1),(21,'2023-01-11 14:35:15','2023-01-11 14:35:16.000000',1,21,0,'green',6,1,1,1,1,3,2,1),(22,'2023-01-11 14:35:15','2023-01-11 14:35:16.000000',1,22,0,'white',7,1,1,1,1,1,2,1),(23,'2023-01-11 14:35:15','2023-01-11 14:35:16.000000',1,23,0,'white',8,1,1,1,1,1,2,1),(24,'2023-01-11 14:35:15','2023-01-11 14:35:16.000000',1,24,0,'white',9,1,1,1,1,1,2,1),(25,'2023-01-11 14:35:15','2023-01-11 14:35:16.000000',1,25,0,'green',10,1,1,1,1,3,2,1),(26,'2023-01-11 14:35:15','2023-01-11 14:35:16.000000',1,26,0,'white',11,1,1,1,1,1,2,1),(27,'2023-01-11 14:35:15','2023-01-11 14:35:16.000000',1,27,0,'white',12,1,1,1,1,1,2,1),(28,'2023-01-11 14:35:15','2023-01-11 14:35:16.000000',1,28,0,'white',13,1,1,1,1,1,2,1),(29,'2023-01-11 14:35:15','2023-01-11 14:35:16.000000',1,29,0,'orange',14,1,1,1,1,1,2,2),(30,'2023-01-11 14:35:15','2023-01-11 14:35:16.000000',1,30,0,'white',15,1,1,0,1,1,2,1),(31,'2023-01-11 14:35:15','2023-01-11 14:35:16.000000',1,31,0,'white',1,1,0,1,1,1,3,1),(32,'2023-01-11 14:35:15','2023-01-11 14:35:16.000000',1,32,0,'white',2,1,1,1,1,1,3,1),(33,'2023-01-11 14:35:15','2023-01-11 14:35:16.000000',1,33,0,'orange',3,1,1,1,1,1,3,2),(34,'2023-01-11 14:35:15','2023-01-11 14:35:16.000000',1,34,0,'white',4,1,1,1,1,1,3,1),(35,'2023-01-11 14:35:15','2023-01-11 14:35:16.000000',1,35,0,'white',5,1,1,1,1,1,3,1),(36,'2023-01-11 14:35:15','2023-01-11 14:35:16.000000',1,36,0,'white',6,1,1,1,1,1,3,1),(37,'2023-01-11 14:35:15','2023-01-11 14:35:16.000000',1,37,0,'grey',7,1,1,1,1,2,3,1),(38,'2023-01-11 14:35:15','2023-01-11 14:35:16.000000',1,38,0,'white',8,1,1,1,1,1,3,1),(39,'2023-01-11 14:35:15','2023-01-11 14:35:16.000000',1,39,0,'grey',9,1,1,1,1,2,3,1),(40,'2023-01-11 14:35:15','2023-01-11 14:35:16.000000',1,40,0,'white',10,1,1,1,1,1,3,1),(41,'2023-01-11 14:35:15','2023-01-11 14:35:16.000000',1,41,0,'white',11,1,1,1,1,1,3,1),(42,'2023-01-11 14:35:15','2023-01-11 14:35:16.000000',1,42,0,'white',12,1,1,1,1,1,3,1),(43,'2023-01-11 14:35:15','2023-01-11 14:35:16.000000',1,43,0,'orange',13,1,1,1,1,1,3,2),(44,'2023-01-11 14:35:15','2023-01-11 14:35:16.000000',1,44,0,'white',14,1,1,1,1,1,3,1),(45,'2023-01-11 14:35:15','2023-01-11 14:35:16.000000',1,45,0,'white',15,1,1,0,1,1,3,1),(46,'2023-01-11 14:35:15','2023-01-11 14:35:16.000000',1,46,0,'grey',1,1,0,1,1,2,4,1),(47,'2023-01-11 14:35:15','2023-01-11 14:35:16.000000',1,47,0,'white',2,1,1,1,1,1,4,1),(48,'2023-01-11 14:35:15','2023-01-11 14:35:16.000000',1,48,0,'white',3,1,1,1,1,1,4,1),(49,'2023-01-11 14:35:15','2023-01-11 14:35:16.000000',1,49,0,'orange',4,1,1,1,1,1,4,2),(50,'2023-01-11 14:35:15','2023-01-11 14:35:16.000000',1,50,0,'white',5,1,1,1,1,1,4,1),(51,'2023-01-11 14:35:15','2023-01-11 14:35:16.000000',1,51,0,'white',6,1,1,1,1,1,4,1),(52,'2023-01-11 14:35:15','2023-01-11 14:35:16.000000',1,52,0,'white',7,1,1,1,1,1,4,1),(53,'2023-01-11 14:35:15','2023-01-11 14:35:16.000000',1,53,0,'grey',8,1,1,1,1,2,4,1),(54,'2023-01-11 14:35:15','2023-01-11 14:35:16.000000',1,54,0,'white',9,1,1,1,1,1,4,1),(55,'2023-01-11 14:35:15','2023-01-11 14:35:16.000000',1,55,0,'white',10,1,1,1,1,1,4,1),(56,'2023-01-11 14:35:15','2023-01-11 14:35:16.000000',1,56,0,'white',11,1,1,1,1,1,4,1),(57,'2023-01-11 14:35:15','2023-01-11 14:35:16.000000',1,57,0,'orange',12,1,1,1,1,1,4,2),(58,'2023-01-11 14:35:15','2023-01-11 14:35:16.000000',1,58,0,'white',13,1,1,1,1,1,4,1),(59,'2023-01-11 14:35:15','2023-01-11 14:35:16.000000',1,59,0,'white',14,1,1,1,1,1,4,1),(60,'2023-01-11 14:35:15','2023-01-11 14:35:16.000000',1,60,0,'grey',15,1,1,0,1,2,4,1),(61,'2023-01-11 14:35:15','2023-01-11 14:35:16.000000',1,61,0,'white',1,1,0,1,1,1,5,1),(62,'2023-01-11 14:35:15','2023-01-11 14:35:16.000000',1,62,0,'white',2,1,1,1,1,1,5,1),(63,'2023-01-11 14:35:15','2023-01-11 14:35:16.000000',1,63,0,'white',3,1,1,1,1,1,5,1),(64,'2023-01-11 14:35:15','2023-01-11 14:35:16.000000',1,64,0,'white',4,1,1,1,1,1,5,1),(65,'2023-01-11 14:35:15','2023-01-11 14:35:16.000000',1,65,0,'orange',5,1,1,1,1,1,5,2),(66,'2023-01-11 14:35:15','2023-01-11 14:35:16.000000',1,66,0,'white',6,1,1,1,1,1,5,1),(67,'2023-01-11 14:35:15','2023-01-11 14:35:16.000000',1,67,0,'white',7,1,1,1,1,1,5,1),(68,'2023-01-11 14:35:15','2023-01-11 14:35:16.000000',1,68,0,'white',8,1,1,1,1,1,5,1),(69,'2023-01-11 14:35:15','2023-01-11 14:35:16.000000',1,69,0,'white',9,1,1,1,1,1,5,1),(70,'2023-01-11 14:35:15','2023-01-11 14:35:16.000000',1,70,0,'white',10,1,1,1,1,1,5,1),(71,'2023-01-11 14:35:15','2023-01-11 14:35:16.000000',1,71,0,'orange',11,1,1,1,1,1,5,2),(72,'2023-01-11 14:35:15','2023-01-11 14:35:16.000000',1,72,0,'white',12,1,1,1,1,1,5,1),(73,'2023-01-11 14:35:15','2023-01-11 14:35:16.000000',1,73,0,'white',13,1,1,1,1,1,5,1),(74,'2023-01-11 14:35:15','2023-01-11 14:35:16.000000',1,74,0,'white',14,1,1,1,1,1,5,1),(75,'2023-01-11 14:35:15','2023-01-11 14:35:16.000000',1,75,0,'white',15,1,1,0,1,1,5,1),(76,'2023-01-11 14:35:15','2023-01-11 14:35:16.000000',1,76,0,'white',1,1,0,1,1,1,6,1),(77,'2023-01-11 14:35:15','2023-01-11 14:35:16.000000',1,77,0,'green',2,1,1,1,1,3,6,1),(78,'2023-01-11 14:35:15','2023-01-11 14:35:16.000000',1,78,0,'white',3,1,1,1,1,1,6,1),(79,'2023-01-11 14:35:15','2023-01-11 14:35:16.000000',1,79,0,'white',4,1,1,1,1,1,6,1),(80,'2023-01-11 14:35:15','2023-01-11 14:35:16.000000',1,80,0,'white',5,1,1,1,1,1,6,1),(81,'2023-01-11 14:35:15','2023-01-11 14:35:16.000000',1,81,0,'green',6,1,1,1,1,3,6,1),(82,'2023-01-11 14:35:15','2023-01-11 14:35:16.000000',1,82,0,'white',7,1,1,1,1,1,6,1),(83,'2023-01-11 14:35:15','2023-01-11 14:35:16.000000',1,83,0,'white',8,1,1,1,1,1,6,1),(84,'2023-01-11 14:35:15','2023-01-11 14:35:16.000000',1,84,0,'white',9,1,1,1,1,1,6,1),(85,'2023-01-11 14:35:15','2023-01-11 14:35:16.000000',1,85,0,'green',10,1,1,1,1,3,6,1),(86,'2023-01-11 14:35:15','2023-01-11 14:35:16.000000',1,86,0,'white',11,1,1,1,1,1,6,1),(87,'2023-01-11 14:35:15','2023-01-11 14:35:16.000000',1,87,0,'white',12,1,1,1,1,1,6,1),(88,'2023-01-11 14:35:15','2023-01-11 14:35:16.000000',1,88,0,'white',13,1,1,1,1,1,6,1),(89,'2023-01-11 14:35:15','2023-01-11 14:35:16.000000',1,89,0,'green',14,1,1,1,1,3,6,1),(90,'2023-01-11 14:35:15','2023-01-11 14:35:16.000000',1,90,0,'white',15,1,1,0,1,1,6,1),(91,'2023-01-11 14:35:15','2023-01-11 14:35:16.000000',1,91,0,'white',1,1,0,1,1,1,7,1),(92,'2023-01-11 14:35:15','2023-01-11 14:35:16.000000',1,92,0,'white',2,1,1,1,1,1,7,1),(93,'2023-01-11 14:35:15','2023-01-11 14:35:16.000000',1,93,0,'grey',3,1,1,1,1,2,7,1),(94,'2023-01-11 14:35:15','2023-01-11 14:35:16.000000',1,94,0,'white',4,1,1,1,1,1,7,1),(95,'2023-01-11 14:35:15','2023-01-11 14:35:16.000000',1,95,0,'white',5,1,1,1,1,1,7,1),(96,'2023-01-11 14:35:15','2023-01-11 14:35:16.000000',1,96,0,'white',6,1,1,1,1,1,7,1),(97,'2023-01-11 14:35:15','2023-01-11 14:35:16.000000',1,97,0,'grey',7,1,1,1,1,2,7,1),(98,'2023-01-11 14:35:15','2023-01-11 14:35:16.000000',1,98,0,'white',8,1,1,1,1,1,7,1),(99,'2023-01-11 14:35:15','2023-01-11 14:35:16.000000',1,99,0,'grey',9,1,1,1,1,2,7,1),(100,'2023-01-11 14:35:15','2023-01-11 14:35:16.000000',1,100,0,'white',10,1,1,1,1,1,7,1),(101,'2023-01-11 14:35:15','2023-01-11 14:35:16.000000',1,101,0,'white',11,1,1,1,1,1,7,1),(102,'2023-01-11 14:35:15','2023-01-11 14:35:16.000000',1,102,0,'white',12,1,1,1,1,1,7,1),(103,'2023-01-11 14:35:16','2023-01-11 14:35:16.000000',1,103,0,'grey',13,1,1,1,1,2,7,1),(104,'2023-01-11 14:35:16','2023-01-11 14:35:16.000000',1,104,0,'white',14,1,1,1,1,1,7,1),(105,'2023-01-11 14:35:16','2023-01-11 14:35:16.000000',1,105,0,'white',15,1,1,0,1,1,7,1),(106,'2023-01-11 14:35:16','2023-01-11 14:35:16.000000',1,106,0,'red',1,1,0,1,1,1,8,3),(107,'2023-01-11 14:35:16','2023-01-11 14:35:16.000000',1,107,0,'white',2,1,1,1,1,1,8,1),(108,'2023-01-11 14:35:16','2023-01-11 14:35:16.000000',1,108,0,'white',3,1,1,1,1,1,8,1),(109,'2023-01-11 14:35:16','2023-01-11 14:35:16.000000',1,109,0,'grey',4,1,1,1,1,2,8,1),(110,'2023-01-11 14:35:16','2023-01-11 14:35:16.000000',1,110,0,'white',5,1,1,1,1,1,8,1),(111,'2023-01-11 14:35:16','2023-01-11 14:35:16.000000',1,111,0,'white',6,1,1,1,1,1,8,1),(112,'2023-01-11 14:35:16','2023-01-11 14:35:16.000000',1,112,0,'white',7,1,1,1,1,1,8,1),(113,'2023-01-11 14:35:16','2023-01-11 14:35:16.000000',1,113,1,'star',8,1,1,1,1,1,8,1),(114,'2023-01-11 14:35:16','2023-01-11 14:35:16.000000',1,114,0,'white',9,1,1,1,1,1,8,1),(115,'2023-01-11 14:35:16','2023-01-11 14:35:16.000000',1,115,0,'white',10,1,1,1,1,1,8,1),(116,'2023-01-11 14:35:16','2023-01-11 14:35:16.000000',1,116,0,'white',11,1,1,1,1,1,8,1),(117,'2023-01-11 14:35:16','2023-01-11 14:35:16.000000',1,117,0,'grey',12,1,1,1,1,2,8,1),(118,'2023-01-11 14:35:16','2023-01-11 14:35:16.000000',1,118,0,'white',13,1,1,1,1,1,8,1),(119,'2023-01-11 14:35:16','2023-01-11 14:35:16.000000',1,119,0,'white',14,1,1,1,1,1,8,1),(120,'2023-01-11 14:35:16','2023-01-11 14:35:16.000000',1,120,0,'red',15,1,1,0,1,1,8,3),(121,'2023-01-11 14:35:16','2023-01-11 14:35:16.000000',1,121,0,'white',1,1,0,1,1,1,9,1),(122,'2023-01-11 14:35:16','2023-01-11 14:35:16.000000',1,122,0,'white',2,1,1,1,1,1,9,1),(123,'2023-01-11 14:35:16','2023-01-11 14:35:16.000000',1,123,0,'grey',3,1,1,1,1,2,9,1),(124,'2023-01-11 14:35:16','2023-01-11 14:35:16.000000',1,124,0,'white',4,1,1,1,1,1,9,1),(125,'2023-01-11 14:35:16','2023-01-11 14:35:16.000000',1,125,0,'white',5,1,1,1,1,1,9,1),(126,'2023-01-11 14:35:16','2023-01-11 14:35:16.000000',1,126,0,'white',6,1,1,1,1,1,9,1),(127,'2023-01-11 14:35:16','2023-01-11 14:35:16.000000',1,127,0,'grey',7,1,1,1,1,2,9,1),(128,'2023-01-11 14:35:16','2023-01-11 14:35:16.000000',1,128,0,'white',8,1,1,1,1,1,9,1),(129,'2023-01-11 14:35:16','2023-01-11 14:35:16.000000',1,129,0,'grey',9,1,1,1,1,2,9,1),(130,'2023-01-11 14:35:16','2023-01-11 14:35:16.000000',1,130,0,'white',10,1,1,1,1,1,9,1),(131,'2023-01-11 14:35:16','2023-01-11 14:35:16.000000',1,131,0,'white',11,1,1,1,1,1,9,1),(132,'2023-01-11 14:35:16','2023-01-11 14:35:16.000000',1,132,0,'white',12,1,1,1,1,1,9,1),(133,'2023-01-11 14:35:16','2023-01-11 14:35:16.000000',1,133,0,'grey',13,1,1,1,1,2,9,1),(134,'2023-01-11 14:35:16','2023-01-11 14:35:16.000000',1,134,0,'white',14,1,1,1,1,1,9,1),(135,'2023-01-11 14:35:16','2023-01-11 14:35:16.000000',1,135,0,'white',15,1,1,0,1,1,9,1),(136,'2023-01-11 14:35:16','2023-01-11 14:35:16.000000',1,136,0,'white',1,1,0,1,1,1,10,1),(137,'2023-01-11 14:35:16','2023-01-11 14:35:16.000000',1,137,0,'green',2,1,1,1,1,3,10,1),(138,'2023-01-11 14:35:16','2023-01-11 14:35:16.000000',1,138,0,'white',3,1,1,1,1,1,10,1),(139,'2023-01-11 14:35:16','2023-01-11 14:35:16.000000',1,139,0,'white',4,1,1,1,1,1,10,1),(140,'2023-01-11 14:35:16','2023-01-11 14:35:16.000000',1,140,0,'white',5,1,1,1,1,1,10,1),(141,'2023-01-11 14:35:16','2023-01-11 14:35:16.000000',1,141,0,'green',6,1,1,1,1,3,10,1),(142,'2023-01-11 14:35:16','2023-01-11 14:35:16.000000',1,142,0,'white',7,1,1,1,1,1,10,1),(143,'2023-01-11 14:35:16','2023-01-11 14:35:16.000000',1,143,0,'white',8,1,1,1,1,1,10,1),(144,'2023-01-11 14:35:16','2023-01-11 14:35:16.000000',1,144,0,'white',9,1,1,1,1,1,10,1),(145,'2023-01-11 14:35:16','2023-01-11 14:35:16.000000',1,145,0,'green',10,1,1,1,1,3,10,1),(146,'2023-01-11 14:35:16','2023-01-11 14:35:16.000000',1,146,0,'white',11,1,1,1,1,1,10,1),(147,'2023-01-11 14:35:16','2023-01-11 14:35:16.000000',1,147,0,'white',12,1,1,1,1,1,10,1),(148,'2023-01-11 14:35:16','2023-01-11 14:35:16.000000',1,148,0,'white',13,1,1,1,1,1,10,1),(149,'2023-01-11 14:35:16','2023-01-11 14:35:16.000000',1,149,0,'green',14,1,1,1,1,3,10,1),(150,'2023-01-11 14:35:16','2023-01-11 14:35:16.000000',1,150,0,'white',15,1,1,0,1,1,10,1),(151,'2023-01-11 14:35:16','2023-01-11 14:35:16.000000',1,151,0,'white',1,1,0,1,1,1,11,1),(152,'2023-01-11 14:35:16','2023-01-11 14:35:16.000000',1,152,0,'white',2,1,1,1,1,1,11,1),(153,'2023-01-11 14:35:16','2023-01-11 14:35:16.000000',1,153,0,'white',3,1,1,1,1,1,11,1),(154,'2023-01-11 14:35:16','2023-01-11 14:35:16.000000',1,154,0,'white',4,1,1,1,1,1,11,1),(155,'2023-01-11 14:35:16','2023-01-11 14:35:16.000000',1,155,0,'orange',5,1,1,1,1,1,11,2),(156,'2023-01-11 14:35:16','2023-01-11 14:35:16.000000',1,156,0,'white',6,1,1,1,1,1,11,1),(157,'2023-01-11 14:35:16','2023-01-11 14:35:16.000000',1,157,0,'white',7,1,1,1,1,1,11,1),(158,'2023-01-11 14:35:16','2023-01-11 14:35:16.000000',1,158,0,'white',8,1,1,1,1,1,11,1),(159,'2023-01-11 14:35:16','2023-01-11 14:35:16.000000',1,159,0,'white',9,1,1,1,1,1,11,1),(160,'2023-01-11 14:35:16','2023-01-11 14:35:16.000000',1,160,0,'white',10,1,1,1,1,1,11,1),(161,'2023-01-11 14:35:16','2023-01-11 14:35:16.000000',1,161,0,'orange',11,1,1,1,1,1,11,2),(162,'2023-01-11 14:35:16','2023-01-11 14:35:16.000000',1,162,0,'white',12,1,1,1,1,1,11,1),(163,'2023-01-11 14:35:16','2023-01-11 14:35:16.000000',1,163,0,'white',13,1,1,1,1,1,11,1),(164,'2023-01-11 14:35:16','2023-01-11 14:35:16.000000',1,164,0,'white',14,1,1,1,1,1,11,1),(165,'2023-01-11 14:35:16','2023-01-11 14:35:16.000000',1,165,0,'white',15,1,1,0,1,1,11,1),(166,'2023-01-11 14:35:16','2023-01-11 14:35:16.000000',1,166,0,'grey',1,1,0,1,1,2,12,1),(167,'2023-01-11 14:35:16','2023-01-11 14:35:16.000000',1,167,0,'white',2,1,1,1,1,1,12,1),(168,'2023-01-11 14:35:16','2023-01-11 14:35:16.000000',1,168,0,'white',3,1,1,1,1,1,12,1),(169,'2023-01-11 14:35:16','2023-01-11 14:35:16.000000',1,169,0,'orange',4,1,1,1,1,1,12,2),(170,'2023-01-11 14:35:16','2023-01-11 14:35:16.000000',1,170,0,'white',5,1,1,1,1,1,12,1),(171,'2023-01-11 14:35:16','2023-01-11 14:35:16.000000',1,171,0,'white',6,1,1,1,1,1,12,1),(172,'2023-01-11 14:35:16','2023-01-11 14:35:16.000000',1,172,0,'white',7,1,1,1,1,1,12,1),(173,'2023-01-11 14:35:16','2023-01-11 14:35:16.000000',1,173,0,'grey',8,1,1,1,1,2,12,1),(174,'2023-01-11 14:35:16','2023-01-11 14:35:16.000000',1,174,0,'white',9,1,1,1,1,1,12,1),(175,'2023-01-11 14:35:16','2023-01-11 14:35:16.000000',1,175,0,'white',10,1,1,1,1,1,12,1),(176,'2023-01-11 14:35:16','2023-01-11 14:35:16.000000',1,176,0,'white',11,1,1,1,1,1,12,1),(177,'2023-01-11 14:35:16','2023-01-11 14:35:16.000000',1,177,0,'orange',12,1,1,1,1,1,12,2),(178,'2023-01-11 14:35:16','2023-01-11 14:35:16.000000',1,178,0,'white',13,1,1,1,1,1,12,1),(179,'2023-01-11 14:35:16','2023-01-11 14:35:16.000000',1,179,0,'white',14,1,1,1,1,1,12,1),(180,'2023-01-11 14:35:16','2023-01-11 14:35:16.000000',1,180,0,'grey',15,1,1,0,1,2,12,1),(181,'2023-01-11 14:35:16','2023-01-11 14:35:16.000000',1,181,0,'white',1,1,0,1,1,1,13,1),(182,'2023-01-11 14:35:16','2023-01-11 14:35:16.000000',1,182,0,'white',2,1,1,1,1,1,13,1),(183,'2023-01-11 14:35:16','2023-01-11 14:35:16.000000',1,183,0,'orange',3,1,1,1,1,1,13,2),(184,'2023-01-11 14:35:16','2023-01-11 14:35:16.000000',1,184,0,'white',4,1,1,1,1,1,13,1),(185,'2023-01-11 14:35:16','2023-01-11 14:35:16.000000',1,185,0,'white',5,1,1,1,1,1,13,1),(186,'2023-01-11 14:35:16','2023-01-11 14:35:16.000000',1,186,0,'white',6,1,1,1,1,1,13,1),(187,'2023-01-11 14:35:16','2023-01-11 14:35:16.000000',1,187,0,'grey',7,1,1,1,1,2,13,1),(188,'2023-01-11 14:35:16','2023-01-11 14:35:16.000000',1,188,0,'white',8,1,1,1,1,1,13,1),(189,'2023-01-11 14:35:16','2023-01-11 14:35:16.000000',1,189,0,'grey',9,1,1,1,1,2,13,1),(190,'2023-01-11 14:35:16','2023-01-11 14:35:16.000000',1,190,0,'white',10,1,1,1,1,1,13,1),(191,'2023-01-11 14:35:16','2023-01-11 14:35:16.000000',1,191,0,'white',11,1,1,1,1,1,13,1),(192,'2023-01-11 14:35:16','2023-01-11 14:35:16.000000',1,192,0,'white',12,1,1,1,1,1,13,1),(193,'2023-01-11 14:35:16','2023-01-11 14:35:16.000000',1,193,0,'orange',13,1,1,1,1,1,13,2),(194,'2023-01-11 14:35:16','2023-01-11 14:35:16.000000',1,194,0,'white',14,1,1,1,1,1,13,1),(195,'2023-01-11 14:35:16','2023-01-11 14:35:16.000000',1,195,0,'white',15,1,1,0,1,1,13,1),(196,'2023-01-11 14:35:16','2023-01-11 14:35:16.000000',1,196,0,'white',1,1,0,1,1,1,14,1),(197,'2023-01-11 14:35:16','2023-01-11 14:35:16.000000',1,197,0,'orange',2,1,1,1,1,1,14,2),(198,'2023-01-11 14:35:16','2023-01-11 14:35:16.000000',1,198,0,'white',3,1,1,1,1,1,14,1),(199,'2023-01-11 14:35:16','2023-01-11 14:35:16.000000',1,199,0,'white',4,1,1,1,1,1,14,1),(200,'2023-01-11 14:35:16','2023-01-11 14:35:16.000000',1,200,0,'white',5,1,1,1,1,1,14,1),(201,'2023-01-11 14:35:16','2023-01-11 14:35:16.000000',1,201,0,'green',6,1,1,1,1,3,14,1),(202,'2023-01-11 14:35:16','2023-01-11 14:35:16.000000',1,202,0,'white',7,1,1,1,1,1,14,1),(203,'2023-01-11 14:35:16','2023-01-11 14:35:16.000000',1,203,0,'white',8,1,1,1,1,1,14,1),(204,'2023-01-11 14:35:16','2023-01-11 14:35:16.000000',1,204,0,'white',9,1,1,1,1,1,14,1),(205,'2023-01-11 14:35:16','2023-01-11 14:35:16.000000',1,205,0,'green',10,1,1,1,1,3,14,1),(206,'2023-01-11 14:35:16','2023-01-11 14:35:16.000000',1,206,0,'white',11,1,1,1,1,1,14,1),(207,'2023-01-11 14:35:16','2023-01-11 14:35:16.000000',1,207,0,'white',12,1,1,1,1,1,14,1),(208,'2023-01-11 14:35:16','2023-01-11 14:35:16.000000',1,208,0,'white',13,1,1,1,1,1,14,1),(209,'2023-01-11 14:35:16','2023-01-11 14:35:16.000000',1,209,0,'orange',14,1,1,1,1,1,14,2),(210,'2023-01-11 14:35:16','2023-01-11 14:35:16.000000',1,210,0,'white',15,1,1,0,1,1,14,1),(211,'2023-01-11 14:35:16','2023-01-11 14:35:16.000000',1,211,0,'red',1,0,0,1,1,1,15,3),(212,'2023-01-11 14:35:16','2023-01-11 14:35:16.000000',1,212,0,'white',2,0,1,1,1,1,15,1),(213,'2023-01-11 14:35:16','2023-01-11 14:35:16.000000',1,213,0,'white',3,0,1,1,1,1,15,1),(214,'2023-01-11 14:35:16','2023-01-11 14:35:16.000000',1,214,0,'grey',4,0,1,1,1,2,15,1),(215,'2023-01-11 14:35:16','2023-01-11 14:35:16.000000',1,215,0,'white',5,0,1,1,1,1,15,1),(216,'2023-01-11 14:35:16','2023-01-11 14:35:16.000000',1,216,0,'white',6,0,1,1,1,1,15,1),(217,'2023-01-11 14:35:16','2023-01-11 14:35:16.000000',1,217,0,'white',7,0,1,1,1,1,15,1),(218,'2023-01-11 14:35:16','2023-01-11 14:35:16.000000',1,218,0,'red',8,0,1,1,1,1,15,3),(219,'2023-01-11 14:35:16','2023-01-11 14:35:16.000000',1,219,0,'white',9,0,1,1,1,1,15,1),(220,'2023-01-11 14:35:16','2023-01-11 14:35:16.000000',1,220,0,'white',10,0,1,1,1,1,15,1),(221,'2023-01-11 14:35:16','2023-01-11 14:35:16.000000',1,221,0,'white',11,0,1,1,1,1,15,1),(222,'2023-01-11 14:35:16','2023-01-11 14:35:16.000000',1,222,0,'grey',12,0,1,1,1,2,15,1),(223,'2023-01-11 14:35:16','2023-01-11 14:35:16.000000',1,223,0,'white',13,0,1,1,1,1,15,1),(224,'2023-01-11 14:35:16','2023-01-11 14:35:16.000000',1,224,0,'white',14,0,1,1,1,1,15,1),(225,'2023-01-11 14:35:16','2023-01-11 14:35:16.000000',1,225,0,'red',15,0,1,0,1,1,15,3);
/*!40000 ALTER TABLE `cells` ENABLE KEYS */;
UNLOCK TABLES;

--
-- Table structure for table `chats`
--

DROP TABLE IF EXISTS `chats`;
/*!40101 SET @saved_cs_client     = @@character_set_client */;
/*!50503 SET character_set_client = utf8mb4 */;
CREATE TABLE `chats` (
  `id` bigint NOT NULL AUTO_INCREMENT,
  `created_date` datetime NOT NULL DEFAULT CURRENT_TIMESTAMP,
  `last_updated_date` datetime(6) DEFAULT NULL,
  `game_id` bigint NOT NULL,
  `message` varchar(255) NOT NULL,
  `user_id` bigint NOT NULL,
  PRIMARY KEY (`id`)
) ENGINE=InnoDB DEFAULT CHARSET=utf8mb4 COLLATE=utf8mb4_0900_ai_ci;
/*!40101 SET character_set_client = @saved_cs_client */;

--
-- Dumping data for table `chats`
--

LOCK TABLES `chats` WRITE;
/*!40000 ALTER TABLE `chats` DISABLE KEYS */;
/*!40000 ALTER TABLE `chats` ENABLE KEYS */;
UNLOCK TABLES;

--
-- Table structure for table `games`
--

DROP TABLE IF EXISTS `games`;
/*!40101 SET @saved_cs_client     = @@character_set_client */;
/*!50503 SET character_set_client = utf8mb4 */;
CREATE TABLE `games` (
  `id` bigint NOT NULL AUTO_INCREMENT,
  `created_date` datetime NOT NULL DEFAULT CURRENT_TIMESTAMP,
  `last_updated_date` datetime(6) DEFAULT NULL,
  `action_counter` int NOT NULL,
  `active_player_count` int NOT NULL,
  `bag_id` bigint NOT NULL,
  `board_id` bigint NOT NULL,
  `current_player_number` int DEFAULT NULL,
  `duration` int NOT NULL,
  `end_date` datetime(6) DEFAULT NULL,
  `expected_player_count` int NOT NULL,
  `name` varchar(255) NOT NULL,
  `owner_id` bigint NOT NULL,
  `round_number` int DEFAULT NULL,
  `start_date` datetime(6) DEFAULT NULL,
  `status` varchar(255) NOT NULL,
  PRIMARY KEY (`id`)
) ENGINE=InnoDB DEFAULT CHARSET=utf8mb4 COLLATE=utf8mb4_0900_ai_ci;
/*!40101 SET character_set_client = @saved_cs_client */;

--
-- Dumping data for table `games`
--

LOCK TABLES `games` WRITE;
/*!40000 ALTER TABLE `games` DISABLE KEYS */;
/*!40000 ALTER TABLE `games` ENABLE KEYS */;
UNLOCK TABLES;

--
-- Table structure for table `players`
--

DROP TABLE IF EXISTS `players`;
/*!40101 SET @saved_cs_client     = @@character_set_client */;
/*!50503 SET character_set_client = utf8mb4 */;
CREATE TABLE `players` (
  `id` bigint NOT NULL AUTO_INCREMENT,
  `created_date` datetime NOT NULL DEFAULT CURRENT_TIMESTAMP,
  `last_updated_date` datetime(6) DEFAULT NULL,
  `game_id` bigint DEFAULT NULL,
  `joined_date` datetime NOT NULL DEFAULT CURRENT_TIMESTAMP,
  `left_date` datetime(6) DEFAULT NULL,
  `player_number` int DEFAULT NULL,
  `score` int NOT NULL,
  `user_id` bigint DEFAULT NULL,
  PRIMARY KEY (`id`)
) ENGINE=InnoDB DEFAULT CHARSET=utf8mb4 COLLATE=utf8mb4_0900_ai_ci;
/*!40101 SET character_set_client = @saved_cs_client */;

--
-- Dumping data for table `players`
--

LOCK TABLES `players` WRITE;
/*!40000 ALTER TABLE `players` DISABLE KEYS */;
/*!40000 ALTER TABLE `players` ENABLE KEYS */;
UNLOCK TABLES;

--
-- Table structure for table `roles`
--

DROP TABLE IF EXISTS `roles`;
/*!40101 SET @saved_cs_client     = @@character_set_client */;
/*!50503 SET character_set_client = utf8mb4 */;
CREATE TABLE `roles` (
  `id` bigint NOT NULL AUTO_INCREMENT,
  `created_date` datetime NOT NULL DEFAULT CURRENT_TIMESTAMP,
  `last_updated_date` datetime(6) DEFAULT NULL,
  `enabled` tinyint NOT NULL DEFAULT '1',
  `type` varchar(255) NOT NULL,
  PRIMARY KEY (`id`),
  UNIQUE KEY `UK_ROLE_TYPE` (`type`)
) ENGINE=InnoDB AUTO_INCREMENT=4 DEFAULT CHARSET=utf8mb4 COLLATE=utf8mb4_0900_ai_ci;
/*!40101 SET character_set_client = @saved_cs_client */;

--
-- Dumping data for table `roles`
--

LOCK TABLES `roles` WRITE;
/*!40000 ALTER TABLE `roles` DISABLE KEYS */;
INSERT INTO `roles` VALUES (1,'2023-01-11 14:35:15','2023-01-11 14:35:16.000000',1,'USER'),(2,'2023-01-11 14:35:15','2023-01-11 14:35:16.000000',1,'ADMIN'),(3,'2023-01-11 14:35:15','2023-01-11 14:35:16.000000',1,'SYSTEM');
/*!40000 ALTER TABLE `roles` ENABLE KEYS */;
UNLOCK TABLES;

--
-- Table structure for table `tiles`
--

DROP TABLE IF EXISTS `tiles`;
/*!40101 SET @saved_cs_client     = @@character_set_client */;
/*!50503 SET character_set_client = utf8mb4 */;
CREATE TABLE `tiles` (
  `id` bigint NOT NULL AUTO_INCREMENT,
  `created_date` datetime NOT NULL DEFAULT CURRENT_TIMESTAMP,
  `last_updated_date` datetime(6) DEFAULT NULL,
  `bag_id` bigint NOT NULL,
  `count` int DEFAULT NULL,
  `letter` varchar(255) DEFAULT NULL,
  `value` int DEFAULT NULL,
  `vowel` tinyint NOT NULL DEFAULT '0',
  PRIMARY KEY (`id`)
) ENGINE=InnoDB AUTO_INCREMENT=82 DEFAULT CHARSET=utf8mb4 COLLATE=utf8mb4_0900_ai_ci;
/*!40101 SET character_set_client = @saved_cs_client */;

--
-- Dumping data for table `tiles`
--

LOCK TABLES `tiles` WRITE;
/*!40000 ALTER TABLE `tiles` DISABLE KEYS */;
INSERT INTO `tiles` VALUES (1,'2023-01-11 14:35:15','2023-01-11 14:35:16.000000',1,12,'A',1,1),(2,'2023-01-11 14:35:15','2023-01-11 14:35:16.000000',1,2,'B',3,0),(3,'2023-01-11 14:35:15','2023-01-11 14:35:16.000000',1,2,'C',4,0),(4,'2023-01-11 14:35:15','2023-01-11 14:35:16.000000',1,2,'Ç',4,0),(5,'2023-01-11 14:35:15','2023-01-11 14:35:16.000000',1,2,'D',3,0),(6,'2023-01-11 14:35:15','2023-01-11 14:35:16.000000',1,8,'E',1,1),(7,'2023-01-11 14:35:15','2023-01-11 14:35:16.000000',1,1,'F',7,0),(8,'2023-01-11 14:35:15','2023-01-11 14:35:16.000000',1,1,'G',5,0),(9,'2023-01-11 14:35:15','2023-01-11 14:35:16.000000',1,1,'Ğ',8,0),(10,'2023-01-11 14:35:15','2023-01-11 14:35:16.000000',1,1,'H',5,0),(11,'2023-01-11 14:35:15','2023-01-11 14:35:16.000000',1,4,'I',2,1),(12,'2023-01-11 14:35:15','2023-01-11 14:35:16.000000',1,7,'İ',1,1),(13,'2023-01-11 14:35:15','2023-01-11 14:35:16.000000',1,1,'J',10,0),(14,'2023-01-11 14:35:15','2023-01-11 14:35:16.000000',1,7,'K',1,0),(15,'2023-01-11 14:35:15','2023-01-11 14:35:16.000000',1,7,'L',1,0),(16,'2023-01-11 14:35:15','2023-01-11 14:35:16.000000',1,4,'M',2,0),(17,'2023-01-11 14:35:15','2023-01-11 14:35:16.000000',1,5,'N',1,0),(18,'2023-01-11 14:35:15','2023-01-11 14:35:16.000000',1,3,'O',2,1),(19,'2023-01-11 14:35:15','2023-01-11 14:35:16.000000',1,1,'Ö',7,1),(20,'2023-01-11 14:35:15','2023-01-11 14:35:16.000000',1,1,'P',5,0),(21,'2023-01-11 14:35:15','2023-01-11 14:35:16.000000',1,6,'R',1,0),(22,'2023-01-11 14:35:15','2023-01-11 14:35:16.000000',1,3,'S',2,0),(23,'2023-01-11 14:35:15','2023-01-11 14:35:16.000000',1,2,'Ş',4,0),(24,'2023-01-11 14:35:15','2023-01-11 14:35:16.000000',1,5,'T',1,0),(25,'2023-01-11 14:35:15','2023-01-11 14:35:16.000000',1,3,'U',2,1),(26,'2023-01-11 14:35:15','2023-01-11 14:35:16.000000',1,2,'Ü',3,1),(27,'2023-01-11 14:35:15','2023-01-11 14:35:16.000000',1,1,'V',7,0),(28,'2023-01-11 14:35:15','2023-01-11 14:35:16.000000',1,2,'Y',3,0),(29,'2023-01-11 14:35:15','2023-01-11 14:35:16.000000',1,2,'Z',4,0),(30,'2023-01-11 14:35:15','2023-01-11 14:35:16.000000',2,9,'A',1,1),(31,'2023-01-11 14:35:15','2023-01-11 14:35:16.000000',2,2,'B',3,0),(32,'2023-01-11 14:35:15','2023-01-11 14:35:16.000000',2,2,'C',3,0),(33,'2023-01-11 14:35:15','2023-01-11 14:35:16.000000',2,4,'D',2,0),(34,'2023-01-11 14:35:15','2023-01-11 14:35:16.000000',2,12,'E',1,1),(35,'2023-01-11 14:35:15','2023-01-11 14:35:16.000000',2,2,'F',4,0),(36,'2023-01-11 14:35:15','2023-01-11 14:35:16.000000',2,3,'G',2,0),(37,'2023-01-11 14:35:15','2023-01-11 14:35:16.000000',2,2,'H',4,0),(38,'2023-01-11 14:35:15','2023-01-11 14:35:16.000000',2,9,'I',1,1),(39,'2023-01-11 14:35:15','2023-01-11 14:35:16.000000',2,1,'J',8,0),(40,'2023-01-11 14:35:15','2023-01-11 14:35:16.000000',2,1,'K',5,0),(41,'2023-01-11 14:35:15','2023-01-11 14:35:16.000000',2,4,'L',1,0),(42,'2023-01-11 14:35:15','2023-01-11 14:35:16.000000',2,2,'M',3,0),(43,'2023-01-11 14:35:15','2023-01-11 14:35:16.000000',2,6,'N',1,0),(44,'2023-01-11 14:35:15','2023-01-11 14:35:16.000000',2,8,'O',1,1),(45,'2023-01-11 14:35:15','2023-01-11 14:35:16.000000',2,2,'P',3,0),(46,'2023-01-11 14:35:15','2023-01-11 14:35:16.000000',2,1,'Q',10,0),(47,'2023-01-11 14:35:15','2023-01-11 14:35:16.000000',2,6,'R',1,0),(48,'2023-01-11 14:35:15','2023-01-11 14:35:16.000000',2,4,'S',1,0),(49,'2023-01-11 14:35:15','2023-01-11 14:35:16.000000',2,6,'T',1,0),(50,'2023-01-11 14:35:15','2023-01-11 14:35:16.000000',2,4,'U',1,1),(51,'2023-01-11 14:35:15','2023-01-11 14:35:16.000000',2,2,'V',4,0),(52,'2023-01-11 14:35:15','2023-01-11 14:35:16.000000',2,2,'W',4,0),(53,'2023-01-11 14:35:15','2023-01-11 14:35:16.000000',2,1,'X',8,0),(54,'2023-01-11 14:35:15','2023-01-11 14:35:16.000000',2,2,'Y',4,0),(55,'2023-01-11 14:35:15','2023-01-11 14:35:16.000000',2,1,'Z',10,0),(56,'2023-01-11 14:35:15','2023-01-11 14:35:16.000000',3,9,'A',1,1),(57,'2023-01-11 14:35:15','2023-01-11 14:35:16.000000',3,2,'B',3,0),(58,'2023-01-11 14:35:15','2023-01-11 14:35:16.000000',3,2,'C',3,0),(59,'2023-01-11 14:35:15','2023-01-11 14:35:16.000000',3,3,'D',2,0),(60,'2023-01-11 14:35:15','2023-01-11 14:35:16.000000',3,15,'E',1,1),(61,'2023-01-11 14:35:15','2023-01-11 14:35:16.000000',3,2,'F',4,0),(62,'2023-01-11 14:35:15','2023-01-11 14:35:16.000000',3,2,'G',2,0),(63,'2023-01-11 14:35:15','2023-01-11 14:35:16.000000',3,2,'H',4,0),(64,'2023-01-11 14:35:15','2023-01-11 14:35:16.000000',3,8,'I',1,1),(65,'2023-01-11 14:35:15','2023-01-11 14:35:16.000000',3,1,'J',8,0),(66,'2023-01-11 14:35:15','2023-01-11 14:35:16.000000',3,1,'K',10,0),(67,'2023-01-11 14:35:15','2023-01-11 14:35:16.000000',3,5,'L',1,0),(68,'2023-01-11 14:35:15','2023-01-11 14:35:16.000000',3,3,'M',2,0),(69,'2023-01-11 14:35:15','2023-01-11 14:35:16.000000',3,6,'N',1,0),(70,'2023-01-11 14:35:15','2023-01-11 14:35:16.000000',3,6,'O',1,1),(71,'2023-01-11 14:35:15','2023-01-11 14:35:16.000000',3,2,'P',3,0),(72,'2023-01-11 14:35:15','2023-01-11 14:35:16.000000',3,1,'Q',8,0),(73,'2023-01-11 14:35:15','2023-01-11 14:35:16.000000',3,6,'R',1,0),(74,'2023-01-11 14:35:15','2023-01-11 14:35:16.000000',3,3,'S',2,0),(75,'2023-01-11 14:35:15','2023-01-11 14:35:16.000000',3,6,'T',1,0),(76,'2023-01-11 14:35:15','2023-01-11 14:35:16.000000',3,6,'U',1,1),(77,'2023-01-11 14:35:15','2023-01-11 14:35:16.000000',3,2,'V',4,0),(78,'2023-01-11 14:35:15','2023-01-11 14:35:16.000000',3,1,'W',10,0),(79,'2023-01-11 14:35:15','2023-01-11 14:35:16.000000',3,1,'X',10,0),(80,'2023-01-11 14:35:15','2023-01-11 14:35:16.000000',3,1,'Y',10,0),(81,'2023-01-11 14:35:15','2023-01-11 14:35:16.000000',3,1,'Z',10,0);
/*!40000 ALTER TABLE `tiles` ENABLE KEYS */;
UNLOCK TABLES;

--
-- Table structure for table `user_roles`
--

DROP TABLE IF EXISTS `user_roles`;
/*!40101 SET @saved_cs_client     = @@character_set_client */;
/*!50503 SET character_set_client = utf8mb4 */;
CREATE TABLE `user_roles` (
  `id` bigint NOT NULL AUTO_INCREMENT,
  `created_date` datetime NOT NULL DEFAULT CURRENT_TIMESTAMP,
  `last_updated_date` datetime(6) DEFAULT NULL,
  `enabled` tinyint NOT NULL DEFAULT '1',
  `type` varchar(255) NOT NULL,
  `username` varchar(255) NOT NULL,
  PRIMARY KEY (`id`),
  UNIQUE KEY `UK_USER_ROLE` (`username`,`type`,`enabled`)
) ENGINE=InnoDB AUTO_INCREMENT=8 DEFAULT CHARSET=utf8mb4 COLLATE=utf8mb4_0900_ai_ci;
/*!40101 SET character_set_client = @saved_cs_client */;

--
-- Dumping data for table `user_roles`
--

LOCK TABLES `user_roles` WRITE;
/*!40000 ALTER TABLE `user_roles` DISABLE KEYS */;
INSERT INTO `user_roles` VALUES (1,'2023-01-11 14:35:15','2023-01-11 14:35:16.000000',1,'USER','Edi'),(2,'2023-01-11 14:35:15','2023-01-11 14:35:16.000000',1,'USER','Budu'),(3,'2023-01-11 14:35:15','2023-01-11 14:35:16.000000',1,'ADMIN','admin'),(4,'2023-01-11 14:35:15','2023-01-11 14:35:16.000000',1,'USER','admin'),(5,'2023-01-11 14:35:15','2023-01-11 14:35:16.000000',1,'USER','Vicky'),(6,'2023-01-11 14:35:15','2023-01-11 14:35:16.000000',1,'USER','Erdem'),(7,'2023-01-11 14:35:15','2023-01-11 14:35:16.000000',1,'USER','Esra');
/*!40000 ALTER TABLE `user_roles` ENABLE KEYS */;
UNLOCK TABLES;

--
-- Table structure for table `users`
--

DROP TABLE IF EXISTS `users`;
/*!40101 SET @saved_cs_client     = @@character_set_client */;
/*!50503 SET character_set_client = utf8mb4 */;
CREATE TABLE `users` (
  `id` bigint NOT NULL AUTO_INCREMENT,
  `created_date` datetime NOT NULL DEFAULT CURRENT_TIMESTAMP,
  `last_updated_date` datetime(6) DEFAULT NULL,
  `account_non_expired` tinyint NOT NULL DEFAULT '1',
  `account_non_locked` tinyint NOT NULL DEFAULT '1',
  `credentials_non_expired` tinyint NOT NULL DEFAULT '1',
  `email` varchar(255) NOT NULL,
  `enabled` tinyint NOT NULL DEFAULT '1',
  `password` varchar(255) NOT NULL,
  `username` varchar(255) NOT NULL,
  PRIMARY KEY (`id`),
  UNIQUE KEY `UK_USER_NAME` (`username`),
  UNIQUE KEY `UK_USER_EMAIL` (`email`)
) ENGINE=InnoDB AUTO_INCREMENT=7 DEFAULT CHARSET=utf8mb4 COLLATE=utf8mb4_0900_ai_ci;
/*!40101 SET character_set_client = @saved_cs_client */;

--
-- Dumping data for table `users`
--

LOCK TABLES `users` WRITE;
/*!40000 ALTER TABLE `users` DISABLE KEYS */;
INSERT INTO `users` VALUES (1,'2023-01-11 14:35:15','2023-01-11 14:35:16.000000',1,1,1,'edi@gamecity.com',1,'$2a$10$kL2cVFyQ9FIRm390RG8JienR/nJVTK8g6Lb0FH0K5Y4AEsE1zZLVm','Edi'),(2,'2023-01-11 14:35:15','2023-01-11 14:35:16.000000',1,1,1,'budu@gamecity.com',1,'$2a$10$kL2cVFyQ9FIRm390RG8JienR/nJVTK8g6Lb0FH0K5Y4AEsE1zZLVm','Budu'),(3,'2023-01-11 14:35:15','2023-01-11 14:35:16.000000',1,1,1,'admin@gamecity.com',1,'$2a$10$kL2cVFyQ9FIRm390RG8JienR/nJVTK8g6Lb0FH0K5Y4AEsE1zZLVm','admin'),(4,'2023-01-11 14:35:15','2023-01-11 14:35:16.000000',1,1,1,'vicky@gamecity.com',1,'$2a$10$kL2cVFyQ9FIRm390RG8JienR/nJVTK8g6Lb0FH0K5Y4AEsE1zZLVm','Vicky'),(5,'2023-01-11 14:35:15','2023-01-11 14:35:16.000000',1,1,1,'erdem@gamecity.com',1,'$2a$10$kL2cVFyQ9FIRm390RG8JienR/nJVTK8g6Lb0FH0K5Y4AEsE1zZLVm','Erdem'),(6,'2023-01-11 14:35:15','2023-01-11 14:35:16.000000',1,1,1,'esra@gamecity.com',1,'$2a$10$kL2cVFyQ9FIRm390RG8JienR/nJVTK8g6Lb0FH0K5Y4AEsE1zZLVm','Esra');
/*!40000 ALTER TABLE `users` ENABLE KEYS */;
UNLOCK TABLES;

--
-- Table structure for table `words`
--

DROP TABLE IF EXISTS `words`;
/*!40101 SET @saved_cs_client     = @@character_set_client */;
/*!50503 SET character_set_client = utf8mb4 */;
CREATE TABLE `words` (
  `id` bigint NOT NULL AUTO_INCREMENT,
  `created_date` datetime NOT NULL DEFAULT CURRENT_TIMESTAMP,
  `last_updated_date` datetime(6) DEFAULT NULL,
  `game_id` bigint NOT NULL,
  `player_number` int NOT NULL,
  `round_number` int NOT NULL,
  `score` int NOT NULL,
  `word` varchar(255) NOT NULL,
  PRIMARY KEY (`id`)
) ENGINE=InnoDB DEFAULT CHARSET=utf8mb4 COLLATE=utf8mb4_0900_ai_ci;
/*!40101 SET character_set_client = @saved_cs_client */;

--
-- Dumping data for table `words`
--

LOCK TABLES `words` WRITE;
/*!40000 ALTER TABLE `words` DISABLE KEYS */;
/*!40000 ALTER TABLE `words` ENABLE KEYS */;
UNLOCK TABLES;
/*!40103 SET TIME_ZONE=@OLD_TIME_ZONE */;

/*!40101 SET SQL_MODE=@OLD_SQL_MODE */;
/*!40014 SET FOREIGN_KEY_CHECKS=@OLD_FOREIGN_KEY_CHECKS */;
/*!40014 SET UNIQUE_CHECKS=@OLD_UNIQUE_CHECKS */;
/*!40101 SET CHARACTER_SET_CLIENT=@OLD_CHARACTER_SET_CLIENT */;
/*!40101 SET CHARACTER_SET_RESULTS=@OLD_CHARACTER_SET_RESULTS */;
/*!40101 SET COLLATION_CONNECTION=@OLD_COLLATION_CONNECTION */;
/*!40111 SET SQL_NOTES=@OLD_SQL_NOTES */;

-- Dump completed on 2023-01-11 14:37:24
